Name,DisplayName,Faction,Rarity,AgeYears,Power,Speed,HeightCm,Flavor,PortraitPath,SetIndex,LoreEntryNumber,Ability0Id,Ability0Name,Ability0Text,Ability0Effect,Ability0Attribute,Ability0ParamA,Ability0ParamB,Ability1Id,Ability1Name,Ability1Text,Ability1Effect,Ability1Attribute,Ability1ParamA,Ability1ParamB
FCB_Ancient_Red_Wyrm,Ancient Red Wyrm,Dragonkind,Mythic,11000,108,46,2600,She has slept on the same mountain of gold for nine thousand years.,/Game/Art/Cards/dragonkind/T_FCB_Ancient_Red_Wyrm.T_FCB_Ancient_Red_Wyrm,1,1,EmberFury,Ember Fury,"When Power is contested, add +9.",FlatBonusOnAttribute,Power,9,0,HoardersGreed,Hoarder's Greed,"On a win, also take the top card of the deck.",OnWinTakeDeckTop,Power,0,0
FCB_Cinderwing_Hatchling,Cinderwing Hatchling,Dragonkind,Common,70,24,71,95,"Angry, winged, and already counting your sheep.",/Game/Art/Cards/dragonkind/T_FCB_Cinderwing_Hatchling.T_FCB_Cinderwing_Hatchling,2,2,Slaughtering,Slaughtering,"When Power is contested, add +5.",FlatBonusOnAttribute,Power,5,0,,,,,,,
FCB_Bog_Green_Drake,Bog Green Drake,Dragonkind,Common,44,57,36,340,"Half swamp, half appetite.",/Game/Art/Cards/dragonkind/T_FCB_Bog_Green_Drake.T_FCB_Bog_Green_Drake,3,3,Thickhide,Thick Hide,"While defending, add 8% to the contested attribute.",PercentBonusWhenDefending,Power,8,0,,,,,,,
FCB_Frostfang_Wyrm,Frostfang Wyrm,Dragonkind,Uncommon,320,72,40,520,"It freezes the lake, then sleeps on the ice.",/Game/Art/Cards/dragonkind/T_FCB_Frostfang_Wyrm.T_FCB_Frostfang_Wyrm,4,4,BulwarkOath,Bulwark Oath,"While defending, add 12% to the contested attribute.",PercentBonusWhenDefending,Power,12,0,,,,,,,
FCB_Stormclad_Wyvern,Stormclad Wyvern,Dragonkind,Uncommon,67,52,79,167,Rides the front of every squall the coast fears.,/Game/Art/Cards/dragonkind/T_FCB_Stormclad_Wyvern.T_FCB_Stormclad_Wyvern,5,5,Surefooted,Surefooted,"When Speed is contested, add +5.",FlatBonusOnAttribute,Speed,5,0,,,,,,,
FCB_Mud_Maw_Whelp,Mud-Maw Whelp,Dragonkind,Common,95,26,64,94,A dragon by pedigree. A nuisance by size.,/Game/Art/Cards/dragonkind/T_FCB_Mud_Maw_Whelp.T_FCB_Mud_Maw_Whelp,6,6,,,,,,,,,,,,,,
FCB_Ashmaiden_Drake,Ashmaiden Drake,Dragonkind,Rare,125,68,74,410,"Burns the heretic first, asks the name later.",/Game/Art/Cards/dragonkind/T_FCB_Ashmaiden_Drake.T_FCB_Ashmaiden_Drake,7,7,Stormstride,Stormstride,"When Speed is contested, add +9.",FlatBonusOnAttribute,Speed,9,0,FirstCharge,First Charge,"While leading, add 10% to the contested attribute.",PercentBonusWhenLeading,Power,10,0
FCB_Vermilion_Sky_Tyrant,Vermilion Sky-Tyrant,Dragonkind,Rare,218,74,33,1450,Its shadow is a county's worth of bad weather.,/Game/Art/Cards/dragonkind/T_FCB_Vermilion_Sky_Tyrant.T_FCB_Vermilion_Sky_Tyrant,8,8,TitanGirth,Titan Girth,"When Height is contested, add 14%.",PercentBonusOnAttribute,Height,14,0,,,,,,,
FCB_Hoarder_of_the_Second_Age,Hoarder of the Second Age,Dragonkind,Rare,5400,88,45,1900,"Two ages of tribute, none of it spent.",/Game/Art/Cards/dragonkind/T_FCB_Hoarder_of_the_Second_Age.T_FCB_Hoarder_of_the_Second_Age,9,9,HoardMagic,Hoard-Magic,+2 score per pot card when you claim the pot.,PotScoreBonusOnWin,Power,2,0,EmberFury,Ember Fury,"When Power is contested, add +9.",FlatBonusOnAttribute,Power,9,0
FCB_Elder_Blue_Tempest,Elder Blue Tempest,Dragonkind,Legendary,7200,101,58,2100,Lightning is what it does while thinking.,/Game/Art/Cards/dragonkind/T_FCB_Elder_Blue_Tempest.T_FCB_Elder_Blue_Tempest,10,10,ColossalProwess,Colossal Prowess,"When Power is contested, add 11%.",PercentBonusOnAttribute,Power,11,0,Spellbreak,Spellbreak,The opponent's abilities do nothing this round.,NullifyOpponentAbilities,Power,0,0
FCB_Wyrm_of_the_Broken_Oath,Wyrm of the Broken Oath,Dragonkind,Rare,579,84,29,1750,Cursed to hunt every knight who ever lied to it.,/Game/Art/Cards/dragonkind/T_FCB_Wyrm_of_the_Broken_Oath.T_FCB_Wyrm_of_the_Broken_Oath,11,11,GiantSlayer,Giant-Slayer,+18% when the opponent's Height is above 300 cm.,BonusIfOpponentStatAbove,Height,18,300,CursedRelic,Cursed,Subtract 12% from every attribute.,AlwaysPenalty,Power,-12,0
FCB_Archmage_of_the_Ninth_Spire,Archmage of the Ninth Spire,ArcaneOrders,Legendary,840,95,64,204,"Nine spires, one tenure, zero patience.",/Game/Art/Cards/arcane/T_FCB_Archmage_of_the_Ninth_Spire.T_FCB_Archmage_of_the_Ninth_Spire,1,12,Spellbreak,Spellbreak,The opponent's abilities do nothing this round.,NullifyOpponentAbilities,Power,0,0,FirstCharge,First Charge,"While leading, add 10% to the contested attribute.",PercentBonusWhenLeading,Power,10,0
FCB_Apprentice_of_the_Blue_Order,Apprentice of the Blue Order,ArcaneOrders,Common,101,38,54,197,Borrowed a wand. Will not return it.,/Game/Art/Cards/arcane/T_FCB_Apprentice_of_the_Blue_Order.T_FCB_Apprentice_of_the_Blue_Order,2,13,,,,,,,,,,,,,,
FCB_Hedge_Witch_of_Fenwick,Hedge Witch of Fenwick,ArcaneOrders,Common,157,60,52,209,Her poultices work. Her prices are obscene.,/Game/Art/Cards/arcane/T_FCB_Hedge_Witch_of_Fenwick.T_FCB_Hedge_Witch_of_Fenwick,3,14,DeepRoots,Deep Roots,"When Age is contested, add 15%.",PercentBonusOnAttribute,Age,15,0,,,,,,,
FCB_Clockwork_Familiar,Clockwork Familiar,ArcaneOrders,Uncommon,44,34,76,46,"Wind it, and it files your paperwork.",/Game/Art/Cards/arcane/T_FCB_Clockwork_Familiar.T_FCB_Clockwork_Familiar,4,15,Surefooted,Surefooted,"When Speed is contested, add +5.",FlatBonusOnAttribute,Speed,5,0,,,,,,,
FCB_Chronomancer_of_the_Grey_Hour,Chronomancer of the Grey Hour,ArcaneOrders,Rare,3100,79,57,291,Arrives precisely one minute before you need him.,/Game/Art/Cards/arcane/T_FCB_Chronomancer_of_the_Grey_Hour.T_FCB_Chronomancer_of_the_Grey_Hour,5,16,ElderMemory,Elder Memory,You win ties on Age.,WinsTiesOnAttribute,Age,0,0,DeepRoots,Deep Roots,"When Age is contested, add 15%.",PercentBonusOnAttribute,Age,15,0
FCB_Runescribe_of_the_Fallen_College,Runescribe of the Fallen College,ArcaneOrders,Rare,260,70,58,250,Every glyph is a promise the mountain remembers.,/Game/Art/Cards/arcane/T_FCB_Runescribe_of_the_Fallen_College.T_FCB_Runescribe_of_the_Fallen_College,6,17,BulwarkOath,Bulwark Oath,"While defending, add 12% to the contested attribute.",PercentBonusWhenDefending,Power,12,0,,,,,,,
FCB_Pyromancer_Duelist,Pyromancer Duelist,ArcaneOrders,Uncommon,69,59,66,176,Counts to two. Rarely gets to three.,/Game/Art/Cards/arcane/T_FCB_Pyromancer_Duelist.T_FCB_Pyromancer_Duelist,7,18,Slaughtering,Slaughtering,"When Power is contested, add +5.",FlatBonusOnAttribute,Power,5,0,,,,,,,
FCB_Necrotheologian,Necrotheologian,ArcaneOrders,Rare,410,68,52,247,Wrote the funeral rites for things that never die.,/Game/Art/Cards/arcane/T_FCB_Necrotheologian.T_FCB_Necrotheologian,8,19,GraveRite,Grave-Rite,"On a win, the opponent also loses their weakest card.",OnWinForceExtraCapture,Power,0,0,,,,,,,
FCB_Mirror_Knight_Errant,Mirror Knight Errant,ArcaneOrders,Uncommon,78,57,61,234,"Fights you with your own reflexes, borrowed.",/Game/Art/Cards/arcane/T_FCB_Mirror_Knight_Errant.T_FCB_Mirror_Knight_Errant,9,20,BulwarkOath,Bulwark Oath,"While defending, add 12% to the contested attribute.",PercentBonusWhenDefending,Power,12,0,,,,,,,
FCB_The_Unbound_Theurge,The Unbound Theurge,ArcaneOrders,Mythic,6000,104,71,381,Made a bargain with a god and won the paperwork.,/Game/Art/Cards/arcane/T_FCB_The_Unbound_Theurge.T_FCB_The_Unbound_Theurge,10,21,Spellbreak,Spellbreak,The opponent's abilities do nothing this round.,NullifyOpponentAbilities,Power,0,0,HoardersGreed,Hoarder's Greed,"On a win, also take the top card of the deck.",OnWinTakeDeckTop,Power,0,0
FCB_Storm_Tower_Magus,Storm-Tower Magus,ArcaneOrders,Legendary,520,93,49,255,Channels the sky through a very expensive hat.,/Game/Art/Cards/arcane/T_FCB_Storm_Tower_Magus.T_FCB_Storm_Tower_Magus,11,22,EmberFury,Ember Fury,"When Power is contested, add +9.",FlatBonusOnAttribute,Power,9,0,TitanGirth,Titan Girth,"When Height is contested, add 14%.",PercentBonusOnAttribute,Height,14,0
FCB_Sworn_Shield_of_the_Dawn_Gate,Sworn Shield of the Dawn Gate,OrderOfTheBlade,Common,134,48,51,195,Twenty years on one wall. The wall thanks them occasionally.,/Game/Art/Cards/blade/T_FCB_Sworn_Shield_of_the_Dawn_Gate.T_FCB_Sworn_Shield_of_the_Dawn_Gate,1,23,Thickhide,Thick Hide,"While defending, add 8% to the contested attribute.",PercentBonusWhenDefending,Power,8,0,,,,,,,
FCB_Knight_Errant_of_the_Silver_Brake,Knight-Errant of the Silver Brake,OrderOfTheBlade,Common,38,49,63,146,"Lost a joust, gained a song.",/Game/Art/Cards/blade/T_FCB_Knight_Errant_of_the_Silver_Brake.T_FCB_Knight_Errant_of_the_Silver_Brake,2,24,Surefooted,Surefooted,"When Speed is contested, add +5.",FlatBonusOnAttribute,Speed,5,0,,,,,,,
FCB_Battle_Priest_of_the_Ashen_Rite,Battle Priest of the Ashen Rite,OrderOfTheBlade,Uncommon,44,58,52,246,"Blesses the wound, then widens it.",/Game/Art/Cards/blade/T_FCB_Battle_Priest_of_the_Ashen_Rite.T_FCB_Battle_Priest_of_the_Ashen_Rite,3,25,BulwarkOath,Bulwark Oath,"While defending, add 12% to the contested attribute.",PercentBonusWhenDefending,Power,12,0,,,,,,,
FCB_Order_Marshal,Order Marshal,OrderOfTheBlade,Rare,96,69,62,241,"Drills in the morning, buries in the afternoon.",/Game/Art/Cards/blade/T_FCB_Order_Marshal.T_FCB_Order_Marshal,4,26,FirstCharge,First Charge,"While leading, add 10% to the contested attribute.",PercentBonusWhenLeading,Power,10,0,ElderMemory,Elder Memory,You win ties on Age.,WinsTiesOnAttribute,Age,0,0
FCB_Lancer_of_the_Two_Bridges_Guard,Lancer of the Two-Bridges Guard,OrderOfTheBlade,Uncommon,66,56,70,205,Never lost a bridge.,/Game/Art/Cards/blade/T_FCB_Lancer_of_the_Two_Bridges_Guard.T_FCB_Lancer_of_the_Two_Bridges_Guard,5,27,,,,,,,,,,,,,,
FCB_Grave_Warden_Knight,Grave-Warden Knight,OrderOfTheBlade,Rare,140,71,47,251,Sworn to keep what the legion wants back.,/Game/Art/Cards/blade/T_FCB_Grave_Warden_Knight.T_FCB_Grave_Warden_Knight,6,28,BaneOfTheDead,Death-Bane,+16% against the Undying Legion.,BonusAgainstFaction,Power,16,0,,,,,,,
FCB_Paladin_of_the_Broken_Chain,Paladin of the Broken Chain,OrderOfTheBlade,Epic,688,86,64,230,"Freed ten thousand slaves and one demon, by accident.",/Game/Art/Cards/blade/T_FCB_Paladin_of_the_Broken_Chain.T_FCB_Paladin_of_the_Broken_Chain,7,29,Spellbreak,Spellbreak,The opponent's abilities do nothing this round.,NullifyOpponentAbilities,Power,0,0,HoardersGreed,Hoarder's Greed,"On a win, also take the top card of the deck.",OnWinTakeDeckTop,Power,0,0
FCB_Herald_of_the_Last_Muster,Herald of the Last Muster,OrderOfTheBlade,Rare,88,63,59,285,Reads the names aloud. The line grows shorter.,/Game/Art/Cards/blade/T_FCB_Herald_of_the_Last_Muster.T_FCB_Herald_of_the_Last_Muster,8,30,Oathkeeper,Oathkeeper,"Add 4% per allied trophy in your pile, to 6 trophies.",BonusPerFactionInOwnPile,Power,4,6,,,,,,,
FCB_War_Abbot_of_Ironvow,War-Abbot of Ironvow,OrderOfTheBlade,Legendary,920,96,55,245,Vowed silence in the eleventh year of the siege.,/Game/Art/Cards/blade/T_FCB_War_Abbot_of_Ironvow.T_FCB_War_Abbot_of_Ironvow,9,31,ColossalProwess,Colossal Prowess,"When Power is contested, add 11%.",PercentBonusOnAttribute,Power,11,0,GraveRite,Grave-Rite,"On a win, the opponent also loses their weakest card.",OnWinForceExtraCapture,Power,0,0
FCB_Duellist_of_the_Ninth_Hour,Duellist of the Ninth Hour,OrderOfTheBlade,Rare,325,74,92,203,Wins on the last step of a very long argument.,/Game/Art/Cards/blade/T_FCB_Duellist_of_the_Ninth_Hour.T_FCB_Duellist_of_the_Ninth_Hour,10,32,FeyTrickery,Fey Trickery,"When defending, lose by 7% or less and you win instead.",WinIfMarginWithin,Power,7,0,,,,,,,
FCB_The_Oath_That_Walks,The Oath That Walks,OrderOfTheBlade,Legendary,12000,103,68,290,A vow so old it grew armour and started walking.,/Game/Art/Cards/blade/T_FCB_The_Oath_That_Walks.T_FCB_The_Oath_That_Walks,11,33,Undying,Undying,"Once per match, this card returns to your hand instead of being captured.",OnLoseReturnToHandOnce,Power,0,0,ElderMemory,Elder Memory,You win ties on Age.,WinsTiesOnAttribute,Age,0,0
FCB_Deep_Delver_Sergeant,Deep Delver Sergeant,Ironhold,Common,186,56,52,204,"Three feet of dwarf, forty feet of grudges.",/Game/Art/Cards/ironhold/T_FCB_Deep_Delver_Sergeant.T_FCB_Deep_Delver_Sergeant,1,34,Thickhide,Thick Hide,"While defending, add 8% to the contested attribute.",PercentBonusWhenDefending,Power,8,0,,,,,,,
FCB_Runesmith_of_the_Ninth_Forge,Runesmith of the Ninth Forge,Ironhold,Uncommon,173,58,53,191,Hammers blessings into steel while they are still hot.,/Game/Art/Cards/ironhold/T_FCB_Runesmith_of_the_Ninth_Forge.T_FCB_Runesmith_of_the_Ninth_Forge,2,35,BulwarkOath,Bulwark Oath,"While defending, add 12% to the contested attribute.",PercentBonusWhenDefending,Power,12,0,,,,,,,
FCB_Anvil_Brawler,Anvil-Brawler,Ironhold,Common,180,61,52,197,Argues with metal. Metal loses.,/Game/Art/Cards/ironhold/T_FCB_Anvil_Brawler.T_FCB_Anvil_Brawler,3,36,Slaughtering,Slaughtering,"When Power is contested, add +5.",FlatBonusOnAttribute,Power,5,0,,,,,,,
FCB_Stonebridge_Warden,Stonebridge Warden,Ironhold,Rare,218,72,32,760,Holds the bridge. Has held it for a while.,/Game/Art/Cards/ironhold/T_FCB_Stonebridge_Warden.T_FCB_Stonebridge_Warden,4,37,TitanGirth,Titan Girth,"When Height is contested, add 14%.",PercentBonusOnAttribute,Height,14,0,BulwarkOath,Bulwark Oath,"While defending, add 12% to the contested attribute.",PercentBonusWhenDefending,Power,12,0
FCB_Golem_of_the_Hollow_Vault,Golem of the Hollow Vault,Ironhold,Rare,214,76,26,980,"Doors, but very slowly and with great opinion.",/Game/Art/Cards/ironhold/T_FCB_Golem_of_the_Hollow_Vault.T_FCB_Golem_of_the_Hollow_Vault,5,38,TitanGirth,Titan Girth,"When Height is contested, add 14%.",PercentBonusOnAttribute,Height,14,0,,,,,,,
FCB_Forge_Titan_Kurnold,Forge-Titan Kurnold,Ironhold,Epic,573,89,24,1600,"Anvils its hammer on the mountain, for practice.",/Game/Art/Cards/ironhold/T_FCB_Forge_Titan_Kurnold.T_FCB_Forge_Titan_Kurnold,6,39,ColossalProwess,Colossal Prowess,"When Power is contested, add 11%.",PercentBonusOnAttribute,Power,11,0,Spellbreak,Spellbreak,The opponent's abilities do nothing this round.,NullifyOpponentAbilities,Power,0,0
FCB_Grudge_Keeper_of_the_Long_Hall,Grudge-Keeper of the Long Hall,Ironhold,Legendary,1400,94,38,200,"Four centuries of wrongs, alphabetised.",/Game/Art/Cards/ironhold/T_FCB_Grudge_Keeper_of_the_Long_Hall.T_FCB_Grudge_Keeper_of_the_Long_Hall,7,40,ElderMemory,Elder Memory,You win ties on Age.,WinsTiesOnAttribute,Age,0,0,DeepRoots,Deep Roots,"When Age is contested, add 15%.",PercentBonusOnAttribute,Age,15,0
FCB_Boulder_Shaped_Berserker,Boulder-Shaped Berserker,Ironhold,Uncommon,98,62,52,226,Rolls downhill. Calls it tactics.,/Game/Art/Cards/ironhold/T_FCB_Boulder_Shaped_Berserker.T_FCB_Boulder_Shaped_Berserker,8,41,FirstCharge,First Charge,"While leading, add 10% to the contested attribute.",PercentBonusWhenLeading,Power,10,0,,,,,,,
FCB_Gilded_Vault_Warden,Gilded Vault Warden,Ironhold,Epic,390,83,42,240,"Paid in coin, guarding coin, counting coin.",/Game/Art/Cards/ironhold/T_FCB_Gilded_Vault_Warden.T_FCB_Gilded_Vault_Warden,9,42,HoardMagic,Hoard-Magic,+2 score per pot card when you claim the pot.,PotScoreBonusOnWin,Power,2,0,HoardersGreed,Hoarder's Greed,"On a win, also take the top card of the deck.",OnWinTakeDeckTop,Power,0,0
FCB_Steam_Maul_Engineer,Steam-Maul Engineer,Ironhold,Rare,152,68,55,185,Her machine works. Do not ask about the noise.,/Game/Art/Cards/ironhold/T_FCB_Steam_Maul_Engineer.T_FCB_Steam_Maul_Engineer,10,43,Stormstride,Stormstride,"When Speed is contested, add +9.",FlatBonusOnAttribute,Speed,9,0,,,,,,,
FCB_The_First_Ancestor,The First Ancestor,Ironhold,Legendary,21000,106,22,2200,Carved before mountains agreed to stay put.,/Game/Art/Cards/ironhold/T_FCB_The_First_Ancestor.T_FCB_The_First_Ancestor,11,44,Undying,Undying,"Once per match, this card returns to your hand instead of being captured.",OnLoseReturnToHandOnce,Power,0,0,TitanGirth,Titan Girth,"When Height is contested, add 14%.",PercentBonusOnAttribute,Height,14,0
FCB_Sprite_of_the_Dew_Market,Sprite of the Dew Market,FeyCourt,Common,24,21,84,25,Sells dew. Delivers it before you agree.,/Game/Art/Cards/fey/T_FCB_Sprite_of_the_Dew_Market.T_FCB_Sprite_of_the_Dew_Market,1,45,Surefooted,Surefooted,"When Speed is contested, add +5.",FlatBonusOnAttribute,Speed,5,0,,,,,,,
FCB_Thorn_Riding_Piskie,Thorn-Riding Piskie,FeyCourt,Common,35,36,78,70,"Steals buttons, then the regiment.",/Game/Art/Cards/fey/T_FCB_Thorn_Riding_Piskie.T_FCB_Thorn_Riding_Piskie,2,46,,,,,,,,,,,,,,
FCB_Hedge_Knight_of_the_Green_March,Hedge-Knight of the Green March,FeyCourt,Uncommon,80,54,68,175,"Chivalry, but the clauses favour him.",/Game/Art/Cards/fey/T_FCB_Hedge_Knight_of_the_Green_March.T_FCB_Hedge_Knight_of_the_Green_March,3,47,BulwarkOath,Bulwark Oath,"While defending, add 12% to the contested attribute.",PercentBonusWhenDefending,Power,12,0,,,,,,,
FCB_Fae_of_the_Ninefold_Name,Fae of the Ninefold Name,FeyCourt,Rare,900,66,63,227,Tell it your name and it owns the second syllable.,/Game/Art/Cards/fey/T_FCB_Fae_of_the_Ninefold_Name.T_FCB_Fae_of_the_Ninefold_Name,4,48,ElderMemory,Elder Memory,You win ties on Age.,WinsTiesOnAttribute,Age,0,0,,,,,,,
FCB_Court_Dancer_Unfinished,"Court Dancer, Unfinished",FeyCourt,Rare,132,64,88,188,Her solo has lasted three human generations.,/Game/Art/Cards/fey/T_FCB_Court_Dancer_Unfinished.T_FCB_Court_Dancer_Unfinished,5,49,FeyTrickery,Fey Trickery,"When defending, lose by 7% or less and you win instead.",WinIfMarginWithin,Power,7,0,Stormstride,Stormstride,"When Speed is contested, add +9.",FlatBonusOnAttribute,Speed,9,0
FCB_Oberon_s_Hounds,Oberon's Hounds,FeyCourt,Rare,294,81,90,237,They do not chase. They arrive.,/Game/Art/Cards/fey/T_FCB_Oberon_s_Hounds.T_FCB_Oberon_s_Hounds,6,50,FirstCharge,First Charge,"While leading, add 10% to the contested attribute.",PercentBonusWhenLeading,Power,10,0,,,,,,,
FCB_Grinning_Hollow_Man,Grinning Hollow Man,FeyCourt,Uncommon,78,52,59,215,"No face, all expression.",/Game/Art/Cards/fey/T_FCB_Grinning_Hollow_Man.T_FCB_Grinning_Hollow_Man,7,51,CursedRelic,Cursed,Subtract 12% from every attribute.,AlwaysPenalty,Power,-12,0,,,,,,,
FCB_Wisp_Warden,Wisp Warden,FeyCourt,Common,27,26,74,45,Carries lanterns; is the lantern.,/Game/Art/Cards/fey/T_FCB_Wisp_Warden.T_FCB_Wisp_Warden,8,52,DeepRoots,Deep Roots,"When Age is contested, add 15%.",PercentBonusOnAttribute,Age,15,0,,,,,,,
FCB_The_Autumn_Queen,The Autumn Queen,FeyCourt,Legendary,3000,90,66,215,Every deal she offers is fair. Twice.,/Game/Art/Cards/fey/T_FCB_The_Autumn_Queen.T_FCB_The_Autumn_Queen,9,53,Spellbreak,Spellbreak,The opponent's abilities do nothing this round.,NullifyOpponentAbilities,Power,0,0,Oathkeeper,Oathkeeper,"Add 4% per allied trophy in your pile, to 6 trophies.",BonusPerFactionInOwnPile,Power,4,6
FCB_Briar_Colossus,Briar Colossus,FeyCourt,Uncommon,594,86,28,1300,"A hedge, technically. A catastrophe, practically.",/Game/Art/Cards/fey/T_FCB_Briar_Colossus.T_FCB_Briar_Colossus,10,54,TitanGirth,Titan Girth,"When Height is contested, add 14%.",PercentBonusOnAttribute,Height,14,0,Thickhide,Thick Hide,"While defending, add 8% to the contested attribute.",PercentBonusWhenDefending,Power,8,0
FCB_Twelfth_Night_Trickster,Twelfth-Night Trickster,FeyCourt,Epic,8000,99,104,298,Keeps the last hour of every year as a spare.,/Game/Art/Cards/fey/T_FCB_Twelfth_Night_Trickster.T_FCB_Twelfth_Night_Trickster,11,55,FeyTrickery,Fey Trickery,"When defending, lose by 7% or less and you win instead.",WinIfMarginWithin,Power,7,0,HoardersGreed,Hoarder's Greed,"On a win, also take the top card of the deck.",OnWinTakeDeckTop,Power,0,0
FCB_Bone_Sentry_of_the_Low_Gate,Bone Sentry of the Low Gate,UndyingLegion,Common,234,53,45,200,Twenty lifetimes on night shift.,/Game/Art/Cards/undying/T_FCB_Bone_Sentry_of_the_Low_Gate.T_FCB_Bone_Sentry_of_the_Low_Gate,1,56,Thickhide,Thick Hide,"While defending, add 8% to the contested attribute.",PercentBonusWhenDefending,Power,8,0,,,,,,,
FCB_Wailing_Wraith,Wailing Wraith,UndyingLegion,Common,37,41,66,225,"Loudest at three in the morning, always.",/Game/Art/Cards/undying/T_FCB_Wailing_Wraith.T_FCB_Wailing_Wraith,2,57,DeepRoots,Deep Roots,"When Age is contested, add 15%.",PercentBonusOnAttribute,Age,15,0,,,,,,,
FCB_Grave_Touched_Ghoul,Grave-Touched Ghoul,UndyingLegion,Uncommon,80,61,58,196,Digs with a courtesy it does not extend.,/Game/Art/Cards/undying/T_FCB_Grave_Touched_Ghoul.T_FCB_Grave_Touched_Ghoul,3,58,Slaughtering,Slaughtering,"When Power is contested, add +5.",FlatBonusOnAttribute,Power,5,0,,,,,,,
FCB_Crypt_Bishop,Crypt Bishop,UndyingLegion,Uncommon,191,55,51,206,Reads last rites over the wrong books.,/Game/Art/Cards/undying/T_FCB_Crypt_Bishop.T_FCB_Crypt_Bishop,4,59,HoardMagic,Hoard-Magic,+2 score per pot card when you claim the pot.,PotScoreBonusOnWin,Power,2,0,,,,,,,
FCB_Vampire_of_the_Pale_Waltz,Vampire of the Pale Waltz,UndyingLegion,Rare,760,68,76,189,"Never ages, always arrives late, never wrong.",/Game/Art/Cards/undying/T_FCB_Vampire_of_the_Pale_Waltz.T_FCB_Vampire_of_the_Pale_Waltz,5,60,FeyTrickery,Fey Trickery,"When defending, lose by 7% or less and you win instead.",WinIfMarginWithin,Power,7,0,ElderMemory,Elder Memory,You win ties on Age.,WinsTiesOnAttribute,Age,0,0
FCB_Skeleton_Chorus,Skeleton Chorus,UndyingLegion,Uncommon,137,64,54,195,"Perfect harmony, no lungs.",/Game/Art/Cards/undying/T_FCB_Skeleton_Chorus.T_FCB_Skeleton_Chorus,6,61,AncientBlood,Ancient Blood,You win ties on Age.,WinsTiesOnAttribute,Age,0,0,,,,,,,
FCB_Bog_Revenant,Bog Revenant,UndyingLegion,Epic,1900,84,41,257,Drowned twice. Found both times.,/Game/Art/Cards/undying/T_FCB_Bog_Revenant.T_FCB_Bog_Revenant,7,62,Undying,Undying,"Once per match, this card returns to your hand instead of being captured.",OnLoseReturnToHandOnce,Power,0,0,BulwarkOath,Bulwark Oath,"While defending, add 12% to the contested attribute.",PercentBonusWhenDefending,Power,12,0
FCB_Lich_of_the_Sunless_Crown,Lich of the Sunless Crown,UndyingLegion,Epic,4300,97,52,284,His phylactery is in the bank. In escrow. Interest accruing.,/Game/Art/Cards/undying/T_FCB_Lich_of_the_Sunless_Crown.T_FCB_Lich_of_the_Sunless_Crown,8,63,Spellbreak,Spellbreak,The opponent's abilities do nothing this round.,NullifyOpponentAbilities,Power,0,0,GraveRite,Grave-Rite,"On a win, the opponent also loses their weakest card.",OnWinForceExtraCapture,Power,0,0
FCB_Plague_Heralds,Plague Heralds,UndyingLegion,Rare,356,66,59,236,Cleared the city three days before the bells.,/Game/Art/Cards/undying/T_FCB_Plague_Heralds.T_FCB_Plague_Heralds,9,64,GraveRite,Grave-Rite,"On a win, the opponent also loses their weakest card.",OnWinForceExtraCapture,Power,0,0,,,,,,,
FCB_The_Rotting_Colossus,The Rotting Colossus,UndyingLegion,Uncommon,573,88,25,1500,A siege that forgot to stop walking.,/Game/Art/Cards/undying/T_FCB_The_Rotting_Colossus.T_FCB_The_Rotting_Colossus,10,65,TitanGirth,Titan Girth,"When Height is contested, add 14%.",PercentBonusOnAttribute,Height,14,0,CursedRelic,Cursed,Subtract 12% from every attribute.,AlwaysPenalty,Power,-12,0
FCB_First_Lich_Last_Silence,"First Lich, Last Silence",UndyingLegion,Epic,742365,105,37,436,He remembered death before it had a name.,/Game/Art/Cards/undying/T_FCB_First_Lich_Last_Silence.T_FCB_First_Lich_Last_Silence,11,66,Undying,Undying,"Once per match, this card returns to your hand instead of being captured.",OnLoseReturnToHandOnce,Power,0,0,Spellbreak,Spellbreak,The opponent's abilities do nothing this round.,NullifyOpponentAbilities,Power,0,0
FCB_Hellhound_Pup,Hellhound Pup,AbyssalHorde,Common,31,48,74,90,"Chews boots, then the leg they were on.",/Game/Art/Cards/abyss/T_FCB_Hellhound_Pup.T_FCB_Hellhound_Pup,1,67,Slaughtering,Slaughtering,"When Power is contested, add +5.",FlatBonusOnAttribute,Power,5,0,,,,,,,
FCB_Pit_Brute,Pit Brute,AbyssalHorde,Common,109,56,43,230,Subtlety is a luxury of the upper spheres.,/Game/Art/Cards/abyss/T_FCB_Pit_Brute.T_FCB_Pit_Brute,2,68,,,,,,,,,,,,,,
FCB_Contract_Imp,Contract Imp,AbyssalHorde,Uncommon,46,33,81,55,Reads the fine print aloud. Always wins.,/Game/Art/Cards/abyss/T_FCB_Contract_Imp.T_FCB_Contract_Imp,3,69,Surefooted,Surefooted,"When Speed is contested, add +5.",FlatBonusOnAttribute,Speed,5,0,CursedRelic,Cursed,Subtract 12% from every attribute.,AlwaysPenalty,Power,-12,0
FCB_Barbed_Duelist,Barbed Duelist,AbyssalHorde,Uncommon,132,70,72,200,Bleeds on the floor and calls it a concession.,/Game/Art/Cards/abyss/T_FCB_Barbed_Duelist.T_FCB_Barbed_Duelist,4,70,FirstCharge,First Charge,"While leading, add 10% to the contested attribute.",PercentBonusWhenLeading,Power,10,0,,,,,,,
FCB_Horned_Siege_Fiend,Horned Siege Fiend,AbyssalHorde,Rare,218,78,31,950,Breaks walls the way dragons break habits.,/Game/Art/Cards/abyss/T_FCB_Horned_Siege_Fiend.T_FCB_Horned_Siege_Fiend,5,71,TitanGirth,Titan Girth,"When Height is contested, add 14%.",PercentBonusOnAttribute,Height,14,0,BaneOfDragons,Dragon-Bane,+16% against Dragonkind.,BonusAgainstFaction,Power,16,0
FCB_Ashfiend_Marauder,Ashfiend Marauder,AbyssalHorde,Uncommon,78,63,57,222,Burns the ledger and the accountant.,/Game/Art/Cards/abyss/T_FCB_Ashfiend_Marauder.T_FCB_Ashfiend_Marauder,6,72,Slaughtering,Slaughtering,"When Power is contested, add +5.",FlatBonusOnAttribute,Power,5,0,,,,,,,
FCB_Duke_of_the_Ninth_Cage,Duke of the Ninth Cage,AbyssalHorde,Rare,7000,87,61,266,Rules a prison he was told is a palace.,/Game/Art/Cards/abyss/T_FCB_Duke_of_the_Ninth_Cage.T_FCB_Duke_of_the_Ninth_Cage,7,73,GraveRite,Grave-Rite,"On a win, the opponent also loses their weakest card.",OnWinForceExtraCapture,Power,0,0,BulwarkOath,Bulwark Oath,"While defending, add 12% to the contested attribute.",PercentBonusWhenDefending,Power,12,0
FCB_Devourer_of_Names,Devourer of Names,AbyssalHorde,Epic,873,98,59,335,"Eat the name, keep the debts.",/Game/Art/Cards/abyss/T_FCB_Devourer_of_Names.T_FCB_Devourer_of_Names,8,74,Spellbreak,Spellbreak,The opponent's abilities do nothing this round.,NullifyOpponentAbilities,Power,0,0,FeyTrickery,Fey Trickery,"When defending, lose by 7% or less and you win instead.",WinIfMarginWithin,Power,7,0
FCB_Chain_Iron_Colossus,Chain-Iron Colossus,AbyssalHorde,Rare,585,91,23,1450,"Dragged a mountain chain out of the pit, as a joke.",/Game/Art/Cards/abyss/T_FCB_Chain_Iron_Colossus.T_FCB_Chain_Iron_Colossus,9,75,TitanGirth,Titan Girth,"When Height is contested, add 14%.",PercentBonusOnAttribute,Height,14,0,Oathkeeper,Oathkeeper,"Add 4% per allied trophy in your pile, to 6 trophies.",BonusPerFactionInOwnPile,Power,4,6
FCB_Whisper_of_the_Seventh_Gate,Whisper of the Seventh Gate,AbyssalHorde,Uncommon,128,66,84,176,"Repeats your secrets, but slightly wrong.",/Game/Art/Cards/abyss/T_FCB_Whisper_of_the_Seventh_Gate.T_FCB_Whisper_of_the_Seventh_Gate,10,76,DeepRoots,Deep Roots,"When Age is contested, add 15%.",PercentBonusOnAttribute,Age,15,0,,,,,,,
FCB_The_Unbound_Archfiend,The Unbound Archfiend,AbyssalHorde,Epic,19000,110,49,425,Escaped once. Regretted it. Escaped again.,/Game/Art/Cards/abyss/T_FCB_The_Unbound_Archfiend.T_FCB_The_Unbound_Archfiend,11,77,Undying,Undying,"Once per match, this card returns to your hand instead of being captured.",OnLoseReturnToHandOnce,Power,0,0,HoardersGreed,Hoarder's Greed,"On a win, also take the top card of the deck.",OnWinTakeDeckTop,Power,0,0
FCB_Dawn_Sentry,Dawn Sentry,CelestialHost,Common,76,47,57,205,Never misses a sunrise. Has opinions about it.,/Game/Art/Cards/celestial/T_FCB_Dawn_Sentry.T_FCB_Dawn_Sentry,1,78,Thickhide,Thick Hide,"While defending, add 8% to the contested attribute.",PercentBonusWhenDefending,Power,8,0,,,,,,,
FCB_Cloudlight_Aerial,Cloudlight Aerial,CelestialHost,Common,69,53,80,163,Fights in the third dimension; everyone else in two.,/Game/Art/Cards/celestial/T_FCB_Cloudlight_Aerial.T_FCB_Cloudlight_Aerial,2,79,Surefooted,Surefooted,"When Speed is contested, add +5.",FlatBonusOnAttribute,Speed,5,0,,,,,,,
FCB_Storm_Colossus,Storm Colossus,CelestialHost,Rare,216,77,30,1800,Walks on thunder out of politeness.,/Game/Art/Cards/celestial/T_FCB_Storm_Colossus.T_FCB_Storm_Colossus,3,80,TitanGirth,Titan Girth,"When Height is contested, add 14%.",PercentBonusOnAttribute,Height,14,0,EmberFury,Ember Fury,"When Power is contested, add +9.",FlatBonusOnAttribute,Power,9,0
FCB_Seraph_of_the_Seven_Trumps,Seraph of the Seven Trumps,CelestialHost,Epic,690,85,69,317,Six trumpets are a warning. The seventh is the order.,/Game/Art/Cards/celestial/T_FCB_Seraph_of_the_Seven_Trumps.T_FCB_Seraph_of_the_Seven_Trumps,4,81,Spellbreak,Spellbreak,The opponent's abilities do nothing this round.,NullifyOpponentAbilities,Power,0,0,FirstCharge,First Charge,"While leading, add 10% to the contested attribute.",PercentBonusWhenLeading,Power,10,0
FCB_Justice_Herald,Justice Herald,CelestialHost,Uncommon,81,59,60,202,"Reads the charge, then passes the sentence.",/Game/Art/Cards/celestial/T_FCB_Justice_Herald.T_FCB_Justice_Herald,5,82,BulwarkOath,Bulwark Oath,"While defending, add 12% to the contested attribute.",PercentBonusWhenDefending,Power,12,0,,,,,,,
FCB_Gale_Rider,Gale Rider,CelestialHost,Common,40,42,77,146,"Delivers verdicts and messages, mostly verdicts.",/Game/Art/Cards/celestial/T_FCB_Gale_Rider.T_FCB_Gale_Rider,6,83,,,,,,,,,,,,,,
FCB_Astral_Dragon_Slain,Astral Dragon-Slain,CelestialHost,Rare,250,73,65,276,A saint with a very specific résumé.,/Game/Art/Cards/celestial/T_FCB_Astral_Dragon_Slain.T_FCB_Astral_Dragon_Slain,7,84,BaneOfDragons,Dragon-Bane,+16% against Dragonkind.,BonusAgainstFaction,Power,16,0,,,,,,,
FCB_Throne_Warden,Throne Warden,CelestialHost,Uncommon,587,88,27,1150,Has not blinked since the second age.,/Game/Art/Cards/celestial/T_FCB_Throne_Warden.T_FCB_Throne_Warden,8,85,TitanGirth,Titan Girth,"When Height is contested, add 14%.",PercentBonusOnAttribute,Height,14,0,HoardMagic,Hoard-Magic,+2 score per pot card when you claim the pot.,PotScoreBonusOnWin,Power,2,0
FCB_Solar_Archon,Solar Archon,CelestialHost,Epic,5000,99,72,382,His light is a legal document.,/Game/Art/Cards/celestial/T_FCB_Solar_Archon.T_FCB_Solar_Archon,9,86,HoardersGreed,Hoarder's Greed,"On a win, also take the top card of the deck.",OnWinTakeDeckTop,Power,0,0,ColossalProwess,Colossal Prowess,"When Power is contested, add 11%.",PercentBonusOnAttribute,Power,11,0
FCB_Choir_of_Quiet_Wings,Choir of Quiet Wings,CelestialHost,Uncommon,83,56,63,207,"Sings the wounded to sleep, and the tired further on.",/Game/Art/Cards/celestial/T_FCB_Choir_of_Quiet_Wings.T_FCB_Choir_of_Quiet_Wings,10,87,ElderMemory,Elder Memory,You win ties on Age.,WinsTiesOnAttribute,Age,0,0,,,,,,,
FCB_The_Morning_That_Judges,The Morning That Judges,CelestialHost,Epic,30000,110,66,450,"Arrives at the end of every story, on time.",/Game/Art/Cards/celestial/T_FCB_The_Morning_That_Judges.T_FCB_The_Morning_That_Judges,11,88,ElderMemory,Elder Memory,You win ties on Age.,WinsTiesOnAttribute,Age,0,0,Spellbreak,Spellbreak,The opponent's abilities do nothing this round.,NullifyOpponentAbilities,Power,0,0
FCB_Goblin_Knifer,Goblin Knifer,Beastwild,Common,24,30,72,95,Six of him is a war party.,/Game/Art/Cards/beastwild/T_FCB_Goblin_Knifer.T_FCB_Goblin_Knifer,1,89,Surefooted,Surefooted,"When Speed is contested, add +5.",FlatBonusOnAttribute,Speed,5,0,,,,,,,
FCB_Warg_Rider,Warg Rider,Beastwild,Uncommon,58,57,76,186,"Two appetites, one direction.",/Game/Art/Cards/beastwild/T_FCB_Warg_Rider.T_FCB_Warg_Rider,2,90,FirstCharge,First Charge,"While leading, add 10% to the contested attribute.",PercentBonusWhenLeading,Power,10,0,,,,,,,
FCB_Orc_War_Drummer,Orc War Drummer,Beastwild,Common,178,58,48,210,Sets the pace. The pace is violence.,/Game/Art/Cards/beastwild/T_FCB_Orc_War_Drummer.T_FCB_Orc_War_Drummer,3,91,Thickhide,Thick Hide,"While defending, add 8% to the contested attribute.",PercentBonusWhenDefending,Power,8,0,,,,,,,
FCB_Skinchanger_of_the_Long_Winter,Skinchanger of the Long Winter,Beastwild,Common,154,67,68,240,Wears three shapes and a grudge.,/Game/Art/Cards/beastwild/T_FCB_Skinchanger_of_the_Long_Winter.T_FCB_Skinchanger_of_the_Long_Winter,4,92,DeepRoots,Deep Roots,"When Age is contested, add 15%.",PercentBonusOnAttribute,Age,15,0,,,,,,,
FCB_Werewolf_Alpha,Werewolf Alpha,Beastwild,Epic,273,86,88,246,The full moon is a formality.,/Game/Art/Cards/beastwild/T_FCB_Werewolf_Alpha.T_FCB_Werewolf_Alpha,5,93,Undying,Undying,"Once per match, this card returns to your hand instead of being captured.",OnLoseReturnToHandOnce,Power,0,0,,,,,,,
FCB_Troll_of_the_Grey_Ford,Troll of the Grey Ford,Beastwild,Uncommon,116,64,34,620,"Regrows an argument, and an arm.",/Game/Art/Cards/beastwild/T_FCB_Troll_of_the_Grey_Ford.T_FCB_Troll_of_the_Grey_Ford,6,94,TitanGirth,Titan Girth,"When Height is contested, add 14%.",PercentBonusOnAttribute,Height,14,0,BulwarkOath,Bulwark Oath,"While defending, add 12% to the contested attribute.",PercentBonusWhenDefending,Power,12,0
FCB_Cave_Ogre,Cave Ogre,Beastwild,Uncommon,152,76,38,420,"Clubs, then improvises with the club.",/Game/Art/Cards/beastwild/T_FCB_Cave_Ogre.T_FCB_Cave_Ogre,7,95,ColossalProwess,Colossal Prowess,"When Power is contested, add 11%.",PercentBonusOnAttribute,Power,11,0,,,,,,,
FCB_Bog_Hag_of_the_Fen_Mother,Bog Hag of the Fen-Mother,Beastwild,Rare,600,68,52,220,Curses are her only inheritance.,/Game/Art/Cards/beastwild/T_FCB_Bog_Hag_of_the_Fen_Mother.T_FCB_Bog_Hag_of_the_Fen_Mother,8,96,GraveRite,Grave-Rite,"On a win, the opponent also loses their weakest card.",OnWinForceExtraCapture,Power,0,0,CursedRelic,Cursed,Subtract 12% from every attribute.,AlwaysPenalty,Power,-12,0
FCB_Mantikor_Prime,Mantikor Prime,Beastwild,Epic,627,97,83,283,"Lion, scorpion, and a very bad temper.",/Game/Art/Cards/beastwild/T_FCB_Mantikor_Prime.T_FCB_Mantikor_Prime,9,97,Stormstride,Stormstride,"When Speed is contested, add +9.",FlatBonusOnAttribute,Speed,9,0,Spellbreak,Spellbreak,The opponent's abilities do nothing this round.,NullifyOpponentAbilities,Power,0,0
FCB_Goblin_Saboteur,Goblin Saboteur,Beastwild,Common,24,28,79,88,"Tunnels under the siege, out the other side of the war.",/Game/Art/Cards/beastwild/T_FCB_Goblin_Saboteur.T_FCB_Goblin_Saboteur,10,98,,,,,,,,,,,,,,
FCB_The_Long_Winter_s_Son,The Long Winter's Son,Beastwild,Epic,4000,109,91,345,"Winter's only heir, and he is early.",/Game/Art/Cards/beastwild/T_FCB_The_Long_Winter_s_Son.T_FCB_The_Long_Winter_s_Son,11,99,GiantSlayer,Giant-Slayer,+18% when the opponent's Height is above 300 cm.,BonusIfOpponentStatAbove,Height,18,300,Undying,Undying,"Once per match, this card returns to your hand instead of being captured.",OnLoseReturnToHandOnce,Power,0,0
FCB_Tidepool_Scout,Tidepool Scout,DeepwaterCourt,Common,37,40,72,110,"Small, salt, everywhere.",/Game/Art/Cards/deepwater/T_FCB_Tidepool_Scout.T_FCB_Tidepool_Scout,1,100,Surefooted,Surefooted,"When Speed is contested, add +5.",FlatBonusOnAttribute,Speed,5,0,,,,,,,
FCB_Merrow_Spearwife,Merrow Spearwife,DeepwaterCourt,Common,76,49,61,180,Trades surface trinkets for surface secrets.,/Game/Art/Cards/deepwater/T_FCB_Merrow_Spearwife.T_FCB_Merrow_Spearwife,2,101,,,,,,,,,,,,,,
FCB_Reef_Lurker,Reef Lurker,DeepwaterCourt,Common,77,60,45,260,Ambush is a tide like any other.,/Game/Art/Cards/deepwater/T_FCB_Reef_Lurker.T_FCB_Reef_Lurker,3,102,Thickhide,Thick Hide,"While defending, add 8% to the contested attribute.",PercentBonusWhenDefending,Power,8,0,,,,,,,
FCB_Sharkwere_of_the_Brine_Moon,Sharkwere of the Brine Moon,DeepwaterCourt,Uncommon,101,71,86,213,"Half sailor, half fin, all grudge.",/Game/Art/Cards/deepwater/T_FCB_Sharkwere_of_the_Brine_Moon.T_FCB_Sharkwere_of_the_Brine_Moon,4,103,FirstCharge,First Charge,"While leading, add 10% to the contested attribute.",PercentBonusWhenLeading,Power,10,0,GiantSlayer,Giant-Slayer,+18% when the opponent's Height is above 300 cm.,BonusIfOpponentStatAbove,Height,18,300
FCB_Kraken_of_the_Trench_Throne,Kraken of the Trench Throne,DeepwaterCourt,Epic,1298,100,35,3200,"Nine arms, nine ledgers, no forgiveness.",/Game/Art/Cards/deepwater/T_FCB_Kraken_of_the_Trench_Throne.T_FCB_Kraken_of_the_Trench_Throne,5,104,TitanGirth,Titan Girth,"When Height is contested, add 14%.",PercentBonusOnAttribute,Height,14,0,HoardersGreed,Hoarder's Greed,"On a win, also take the top card of the deck.",OnWinTakeDeckTop,Power,0,0
FCB_Drowned_King,Drowned King,DeepwaterCourt,Epic,2400,84,44,230,Rules a kingdom of silt and receipts.,/Game/Art/Cards/deepwater/T_FCB_Drowned_King.T_FCB_Drowned_King,6,105,ElderMemory,Elder Memory,You win ties on Age.,WinsTiesOnAttribute,Age,0,0,Undying,Undying,"Once per match, this card returns to your hand instead of being captured.",OnLoseReturnToHandOnce,Power,0,0
FCB_Sea_Serpent_of_the_Cold_Vein,Sea Serpent of the Cold Vein,DeepwaterCourt,Uncommon,573,87,48,2600,"Twelve miles long, according to the sailors who survived.",/Game/Art/Cards/deepwater/T_FCB_Sea_Serpent_of_the_Cold_Vein.T_FCB_Sea_Serpent_of_the_Cold_Vein,7,106,DeepRoots,Deep Roots,"When Age is contested, add 15%.",PercentBonusOnAttribute,Age,15,0,TitanGirth,Titan Girth,"When Height is contested, add 14%.",PercentBonusOnAttribute,Height,14,0
FCB_Pearlbound_Oracle,Pearlbound Oracle,DeepwaterCourt,Common,520,52,46,196,"Speaks only in tides. Always right, always late.",/Game/Art/Cards/deepwater/T_FCB_Pearlbound_Oracle.T_FCB_Pearlbound_Oracle,8,107,DeepRoots,Deep Roots,"When Age is contested, add 15%.",PercentBonusOnAttribute,Age,15,0,,,,,,,
FCB_Coral_Golem,Coral Golem,DeepwaterCourt,Uncommon,212,74,22,680,A reef that decided to walk.,/Game/Art/Cards/deepwater/T_FCB_Coral_Golem.T_FCB_Coral_Golem,9,108,TitanGirth,Titan Girth,"When Height is contested, add 14%.",PercentBonusOnAttribute,Height,14,0,BulwarkOath,Bulwark Oath,"While defending, add 12% to the contested attribute.",PercentBonusWhenDefending,Power,12,0
FCB_Abyssal_Siren,Abyssal Siren,DeepwaterCourt,Rare,124,65,79,177,Her song has a clause.,/Game/Art/Cards/deepwater/T_FCB_Abyssal_Siren.T_FCB_Abyssal_Siren,10,109,FeyTrickery,Fey Trickery,"When defending, lose by 7% or less and you win instead.",WinIfMarginWithin,Power,7,0,,,,,,,
FCB_The_Tide_That_Keeps,The Tide That Keeps,DeepwaterCourt,Epic,16000,107,58,900,It takes the ships and keeps the names.,/Game/Art/Cards/deepwater/T_FCB_The_Tide_That_Keeps.T_FCB_The_Tide_That_Keeps,11,110,HoardMagic,Hoard-Magic,+2 score per pot card when you claim the pot.,PotScoreBonusOnWin,Power,2,0,Spellbreak,Spellbreak,The opponent's abilities do nothing this round.,NullifyOpponentAbilities,Power,0,0
